ID Agente,Nombre,email,Fecha de Nacimiento
1,Mata Lucero,lucero.mata@tractchun.com,1989/4/28
2,JesusGrajeda,jesus.grajeda@tractchun.com,1979/1/1
3,Elena Velez,elena.velez@tractchun.com,1993/6/6
4,Barraza Alberto,alberto.barraza@tractchun.com,1978/10/20
5,Willyberto Gonzales,willyberto.gonzales@tractchun.com,1973/5/11
6,A. Trejo,alberto.trejo@tractchun.com,1988/3/9
7,Estuardo Ocaño,estuardo.ocaño@tractchun.com,1980/9/23
8,Marisol Piedrahita,marisol.piedrahita@tractchun.com,1993/10/28
9,Velasquez Jose,jose.velasquez@tractchun.com,1981/1/9
10,Alberto Casillas,alberto.casillas@tractchun.com,1993/2/1
11,Lopez Moran.,lopez.moran@tractchun.com,1980/4/21
12,Javier D.,javier.davila@tractchun.com,1976/5/22
13,Griselda Galindo,griselda.galindo@tractchun.com,1996/2/3
14,EstuardoTorres,estuardo.torres@tractchun.com,1995/12/21
15,Galindo Guadalupe,guadalupe.galindo@tractchun.com,1995/6/16
16,Orci Carlos,carlos.orci@tractchun.com,1982/10/26
17,Leon Lourdes,lourdes.leon@tractchun.com,1971/12/28
18,Miller Gaviria,miller.gaviria@tractchun.com,1980/10/9
19,Alfonso Barraza,alfonso.barraza@tractchun.com,1990/5/13
20,Eduardo Luna,eduardo.luna@tractchun.com,1983/11/22
21,Alberto Gastelum,alberto.gastelum@tractchun.com,1996/10/10
22,Lorena,lorena.leon@tractchun.com,1996/7/16
23,Guadalupe Hernandez,guadalupe.hernandez@tractchun.com,1986/6/12
24,Barbara Grijalva,barbara.grijalva@tractchun.com,1972/6/5
25,Sandra Lujan ,sandra.lujan@tractchun.com,1988/11/17
26,Flores Sierra,flores.sierra@tractchun.com,1982/3/15
27,Isela Leyva,isela.leyva@tractchun.com,1987/4/18
28,Nurio Zepeda,nurio.zepeda@tractchun.com,1982/4/4
29,Segura Garcia,segura.garcia@tractchun.com,1972/11/14
30,Parra Luna,parra.luna@tractchun.com,1995/6/17
31,Guadalupe Torrico,guadalupe.torrico@tractchun.com,1993/3/18
32,Silvia Morales,silvia.morales@tractchun.com,1980/6/16
33,Guadalupe Villanueva,guadalupe.villanueva@tractchun.com,1975/1/15
34,Diana Rojo,diana.rojo@tractchun.com,1996/3/9
35,Melinda,melinda.barcelo@tractchun.com,1996/5/30
36,Luis Torres,luis.torres@tractchun.com,1982/7/18
37,Jesus Pacheco,jesus.pacheco@tractchun.com,1980/6/15
38,Enrique Montiel,enrique.montiel@tractchun.com,1985/2/27
39,Jesus Contreras,jesus.contreras@tractchun.com,1983/10/20
40,Alfredo Barreras,alfredo.barreras@tractchun.com,1974/10/19
41,Aldo Carrillo,aldo.carrillo@tractchun.com,1982/8/1
42,Darwin E.,darwin.echeverry@tractchun.com,1991/7/16
43,Reyna Santacruz,reyna.santacruz@tractchun.com,1984/6/7
44,Eva Cardenas,eva.cardenas@tractchun.com,1987/10/4
45,Luis Arguello,luis.arguello@tractchun.com,1982/9/22
46,Rosa Olguin,rosa.olguin@tractchun.com,1985/5/30
47,Yomaira Agudelo,yomaira.agudelo@tractchun.com,1974/12/15
48,Aurelio Tanori,aurelio.tanori@tractchun.com,1979/8/29
49,Armando Sierra,armando.sierra@tractchun.com,1991/4/5
50,Ramon Macias,ramon.macias@tractchun.com,1980/3/4